Pitch (deg),Motor Speed (deg/sec)
0.0,718.2428211986489
9.41774903114718,716.9273448834722
19.782568093086613,655.172471368627
29.76590417230232,597.6830908013659
39.4331512105864,585.6394706255469
48.90812485731004,575.6880683687767
58.9471683909369,573.6389551454679
69.91978554778552,562.413350426779
81.90965557522034,572.9199175917244
